"method","elap"
"method 1",0.564735889434814
"method 2",0.274693727493286
"method 3",0.0183894634246826
